<?xml version="1.0" encoding="UTF-8"?>
<beans xmlns="http://www.springframework.org/schema/beans"
	xmlns:xsi="http://www.w3.org/2001/XMLSchema-instance" xmlns:mvc="http://www.springframework.org/schema/mvc"
	xmlns:p="http://www.springframework.org/schema/p" xmlns:context="http://www.springframework.org/schema/context"
	xmlns:tx="http://www.springframework.org/schema/tx" xmlns:util="http://www.springframework.org/schema/util"
	xsi:schemaLocation="
		http://www.springframework.org/schema/beans 
		http://www.springframework.org/schema/beans/spring-beans-4.0.xsd
		http://www.springframework.org/schema/mvc 
		http://www.springframework.org/schema/mvc/spring-mvc-4.0.xsd
		http://www.springframework.org/schema/context
		http://www.springframework.org/schema/context/spring-context-4.0.xsd
		http://www.springframework.org/schema/util 
		http://www.springframework.org/schema/util/spring-util-4.0.xsd">

	<!-- Configures the @Controller programming model -->
	<mvc:annotation-driven />
	<context:component-scan base-package="org.tch.ste.admin.web" />

	<import resource="spring_aspect.xml" />
	

	<bean class="org.springframework.web.servlet.mvc.method.annotation.RequestMappingHandlerAdapter">
		<property name="messageConverters">
			<util:list>
				<bean class="org.springframework.http.converter.json.MappingJackson2HttpMessageConverter " />
			</util:list>
		</property>
	</bean>
	
	<bean id="localeResolver"
		class="org.springframework.web.servlet.i18n.SessionLocaleResolver">
		<property name="defaultLocale" value="en" />
	</bean>


	<!-- Resolves view names to protected .jsp resources within the views directory -->
	<bean class="org.springframework.web.servlet.view.InternalResourceViewResolver">
		<property name="prefix" value="/views/" />
		<property name="suffix" value=".jsp" />
	</bean>

	<!-- Internationalization -->
	<bean id="messageSource" class="org.springframework.context.support.ReloadableResourceBundleMessageSource"
		  p:basename="/WEB-INF/messages" />
		  
	<!--  Interceptors -->
	<mvc:interceptors>
		<bean class="org.tch.ste.admin.web.controller.lib.CommonScreenAttributesDisplayInterceptor"/>
	</mvc:interceptors>

</beans>
