<?xml version="1.0" encoding="UTF-8"?>
<beans:beans xmlns="http://www.springframework.org/schema/security"
	xmlns:beans="http://www.springframework.org/schema/beans" xmlns:xsi="http://www.w3.org/2001/XMLSchema-instance"
	xmlns:p="http://www.springframework.org/schema/p"
	xsi:schemaLocation="http://www.springframework.org/schema/beans
           http://www.springframework.org/schema/beans/spring-beans-3.0.xsd
           http://www.springframework.org/schema/security
           http://www.springframework.org/schema/security/spring-security.xsd">

	<authentication-manager alias="authenticationManager">
		<authentication-provider ref="ldapAuthProvider" />
	</authentication-manager>


	<ldap-server root="ou=system" port="389" />

	<beans:bean id="contextSource"
        class="org.springframework.security.ldap.DefaultSpringSecurityContextSource">
 		 <beans:constructor-arg value="ldap://localhost:389/ou=system"/>
 	</beans:bean>
 	
	<beans:bean id="ldapAuthProvider"
		class="org.springframework.security.ldap.authentication.LdapAuthenticationProvider">
		<beans:constructor-arg>
			<beans:bean
				class="org.springframework.security.ldap.authentication.BindAuthenticator">
				<beans:constructor-arg ref="contextSource" />
				<beans:property name="userDnPatterns">
					<beans:list>
						<beans:value>uid={0},ou=users</beans:value>
					</beans:list>
				</beans:property>
			</beans:bean>
		</beans:constructor-arg>
		<beans:constructor-arg>
			<beans:bean
				class="org.tch.ste.admin.service.internal.auth.AdminAuthoritiesPopulator">
			</beans:bean>
		</beans:constructor-arg>
		<beans:property name="userDetailsContextMapper">
			<beans:bean class="org.tch.ste.admin.service.internal.auth.SteUserDetailsContextMapperImpl"/>
		</beans:property>
	</beans:bean>
</beans:beans>