<?xml version="1.0" encoding="UTF-8"?>
<beans:beans xmlns="http://www.springframework.org/schema/security"
	xmlns:beans="http://www.springframework.org/schema/beans" xmlns:xsi="http://www.w3.org/2001/XMLSchema-instance"
	xmlns:p="http://www.springframework.org/schema/p"
	xsi:schemaLocation="http://www.springframework.org/schema/beans
           http://www.springframework.org/schema/beans/spring-beans-3.0.xsd
           http://www.springframework.org/schema/security
           http://www.springframework.org/schema/security/spring-security.xsd">


	<http use-expressions="true">
		<intercept-url pattern="/css/**" access="permitAll" />
		<intercept-url pattern="/js/**" access="permitAll" />
		<intercept-url pattern="/images/**" access="permitAll" />
		<intercept-url pattern="/login" access="permitAll" />
		<intercept-url pattern="/logout" access="permitAll" />
		<intercept-url pattern="/views/login.jsp" access="permitAll" />
		<intercept-url pattern="/views/error.jsp" access="permitAll"/>
		<intercept-url pattern="/**"
			access="hasRole('ROLE_ANONYMOUS')" />
		<form-login login-page="/login" default-target-url="/views/home.jsp" />
		<logout logout-url="/logout" invalidate-session="true"
			success-handler-ref="logoutHandler"/>
		<access-denied-handler ref="steAccessDeniedHandler"/>
		<headers>
	        <cache-control />
	        <content-type-options />
	        <hsts />
	        <frame-options />
	        <xss-protection />
	    </headers>
	</http>
</beans:beans>